{

	"system": {
	    "model" : "Server"
	},
	
	"permanentfilters": {

	    "Paris" : {
            "DATACENTER" : ["FR-PAR-DC-MARNEEST" , "FR-PAR-DC-LEONFROT"],
            "MACHINE_TYPE" : ["PHYSICAL" , "VIRTUAL"]
		},
		
		"London" : {
			"DATACENTER" : ["GB-LON-DC-10HA" , "GB-LON-DC-GS"]
		}

	},	
	
	"categories" : {

	    "cat1" : "Application",
	    "cat2" : "Server / OS",
	    "cat3" : "Scope / Perimeter",
	    "cat4" : "Virtual",
	    "cat5" : "Database",
	    "cat6" : "Live Play Infos"
	},
    
	"fields" : {
 
 	    "SERVER_ID" : {
	      "displayname" : "Server Name",
	      "selectionsection" : "cat2",
	      "ischecked" : "True",
	      "ischeckeddisabled" : "True",
	      "inputname" : "server"
	    },
	    
	    "priority_asset": {
	      "displayname" : "Priority Asset",
	      "selectionsection" : "cat6",
	      "ischecked" : "True",
	      "inputname" : "priorityasset",
	      "listbox" : "priorityassets",
	      "listboxmsg" : "Priority Asset",
	      "listid" : "priorityasset",
	      "model_extra" : "yes"
	    },	    
	    
	    "in_live_play": {
	      "displayname" : "In Live Play",
	      "selectionsection" : "cat6",
	      "ischecked" : "True",
	      "inputname" : "inliveplay",
	      "listbox" : "inliveplays",
	      "listboxmsg" : "Live Play Status",
	      "listid" : "inliveplay",
	      "model_extra" : "yes"
	    },
	    
	    "action_during_lp": {
	      "displayname" : "Action During LP",
	      "selectionsection" : "cat6",
	      "ischecked" : "True",
	      "inputname" : "actionduringlp",
	      "model_extra" : "yes"
	    },
	    
	    "original_action_during_lp": {
	      "displayname" : "Original Action During LP",
	      "selectionsection" : "cat6",
	      "ischecked" : "True",
	      "inputname" : "originalactionduringlp",
	      "model_extra" : "yes"
	    },
	    	    
	    "cluster": {
	      "displayname" : "Cluster",
	      "selectionsection" : "cat6",
	      "ischecked" : "True",
	      "inputname" : "cluster",
	      "listbox" : "isclusters",
	      "listboxmsg" : "Is a Cluster",
	      "listid" : "cluster",
	      "model_extra" : "yes" 
	    },
	    
	    "cluster_type": {
	      "displayname" : "Cluster Type",
	      "selectionsection" : "cat6",
	      "ischecked" : "True",
	      "inputname" : "clustertype",
	      "model_extra" : "yes"
	    },	    

	    "ITCONTINUITY_LEVEL" : {
	      "displayname" : "IT Continuity Criticality",
	      "selectionsection" : "cat1",
	      "ischecked" : "True",
	      "inputname" : "itcontinuitylvl",
	      "listbox" : "itcontinuitylvls",
	      "listboxmsg" : "IT Continuity Crit.",
	      "listid" : "itcontinuitylvl"
	    },
		
	    "DAP_NAME" : {
	      "displayname" : "DAP Name",
	      "selectionsection" : "cat1",
	      "ischecked" : "True",
	      "inputname" : "dapname"
	    },

	    "DAP_AUID" : {
	      "displayname" : "DAP AUID",
	      "selectionsection" : "cat1",
	      "ischecked" : "True",
	      "inputname" : "dapauid"

	    },		

	    "DATACENTER" : {
	      "displayname" : "Datacenter",
	      "selectionsection" : "cat2",
	      "ischecked" : "True",
	      "inputname" : "datacenter",
	      "listbox" : "datacenters",
	      "listboxmsg" : "Datacenter",
	      "listid" : "datacenter"
	    },	

	    "TECH_FAMILY" : {
	      "displayname" : "Tech Family / OS",
	      "selectionsection" : "cat2",
	      "ischecked" : "True",
	      "inputname" : "techfamily",
	      "listbox" : "techfamilys",
	      "listboxmsg" : "Tech Family",
	      "listid" : "techfamily"
	    },

	    "MACHINE_TYPE" : {
	      "displayname" : "Machine Type",
	      "selectionsection" : "cat4",
	      "ischecked" : "True",
	      "inputname" : "machinetype",
	      "listbox" : "machinetypes",
	      "listboxmsg" : "Machine Type",
	      "listid" : "machinetype"	      
	    },
		
	    "VM_TYPE" : {
	      "displayname" : "VM Type",
	      "selectionsection" : "cat4",
	      "ischecked" : "True",
	      "inputname" : "vmtype",
	      "listbox" : "vmtypes",
	      "listboxmsg" : "VM Type",
	      "listid" : "vmtype"	  
	    },

	    "AFFINITY" : {
	      "displayname" : "Affinity / DR conf",
	      "selectionsection" : "cat4",
	      "ischecked" : "True",
	      "inputname" : "affinity",
	      "listbox" : "affinitys",
	      "listboxmsg" : "Affinity/DR Conf",
	      "listid" : "affinity"
	    },


	    "VITAL_LEVEL" : { 
	      "displayname" : "Vital Level",
	      "selectionsection" : "cat1",
	      "ischecked" : "True",
	      "inputname" : "vitallevel",
	      "listbox" : "vitallevels",
	      "listboxmsg" : "Vital Level",
	      "listid" : "vitallevel"
	    },
		
	    "DATABASE_TECHNO" : {
	      "displayname" : "DB Techno",
	      "selectionsection" : "cat5",
	      "ischecked" : "True",
	      "inputname" : "dbtechno",
	      "listbox" : "dbtechnos",
	      "listboxmsg" : "DB Technology",
	      "listid" : "dbtechno"
	    },

	    "DATABASE_DB_CI" : {
	      "displayname" : "DB CI",
	      "selectionsection" : "cat5",
	      "ischecked" : "True",
	      "inputname" : "dbci"
	    },				

	    "SUPPORT_GROUP" : {
	      "displayname" : "Support Group",
	      "selectionsection" : "cat1",
	      "inputname" : "supportgroup"
	    },		
	    
	    "APPLICATION_SUPPORT_GROUP" : {
	      "displayname" : "Application Support Group",
	      "selectionsection" : "cat1",
	      "inputname" : "appsupportgroup"
	    },			    		

	    "IT_CLUSTER" : {
	      "displayname" : "IT Cluster",
	      "selectionsection" : "cat3",
	      "ischecked" : "True",
	      "inputname" : "itcluster",
	      "listbox" : "itclusters",
	      "listboxmsg" : "IT Cluster",
	      "listid" : "itcluster"
	    }
		
	},
	
	"api_ModelFieldsContentView_allowed" : [
	    "ITCONTINUITY_LEVEL",
	    "DATACENTER",
	    "TECH_FAMILY",
	    "MACHINE_TYPE",
	    "VM_TYPE",
	    "AFFINITY",
	    "VITAL_LEVEL",
	    "DATABASE_TECHNO",
	    "IT_CLUSTER",
	    "server_unique__priority_asset",
	    "server_unique__in_live_play",
	    "server_unique__cluster",
	    "server_unique__cluster_type"
    ]

}
